date,SP500,CPI,CPI MoM,Fed Funds,Cons.Sentiment,VIX,SP500 MoM,GDP,GDP MoM,Un.Rate
3/1/90,339.94000244140625,128.6,0.4687499999999955,8.28,91.3,20.062272727272727,,5901.81,,5.2
4/1/90,330.79998779296875,128.9,0.2332814930015692,8.26,93.9,21.4035,-2.688714062,5930.919,0.4932215710095722,5.4
5/1/90,361.2300109863281,129.1,0.1551590380139522,8.18,90.6,18.097727272727273,9.198919079889455,5960.028,0.4908008354185922,5.4
6/1/90,358.0199890136719,129.9,0.6196746707978429,8.29,88.3,16.822380952380954,-0.888636568,5978.390666666667,0.3080969865689731,5.2
7/1/90,356.1499938964844,130.5,0.4618937644341736,8.15,88.2,18.392857142857142,-0.522315841,5996.753333333333,0.3071506646270094,5.5
8/1/90,322.55999755859375,131.6,0.8429118773946254,8.13,76.4,28.175217391304347,-9.431418479,6015.116,0.3062101381525295,5.7
9/1/90,306.04998779296875,132.5,0.6838905775075954,8.2,72.8,29.10736842105263,-5.118430646,6011.655,-0.057538375,5.9
10/1/90,304,133.4,0.6792452830188811,8.11,63.9,29.625652173913043,-0.66982123,6008.194,-0.057571501,5.9
11/1/90,322.2200012207031,133.7,0.2248875562218755,7.81,66,24.885714285714283,5.993421454178649,6004.733,-0.057604665,6.2
12/1/90,330.2200012207031,134.2,0.3739715781600594,7.31,65.5,23.363,2.482775733875209,6014.881333333334,0.169005572,6.3
1/1/91,343.92999267578125,134.7,0.3725782414307099,6.91,66.8,27.42909090909091,4.151775,6025.029666666666,0.168720425,6.4
2/1/91,367.0700073242187,134.8,0.07423905,6.25,70.4,21.598421052631576,6.728117681278034,6035.178,0.1684362384052562,6.6
3/1/91,375.2200012207031,134.8,0,6.12,87.7,17.744210526315786,2.220283252204202,6065.739333333333,0.5063866108561133,6.8
4/1/91,375.3399963378906,135.1,0.2225519287833766,5.91,81.8,17.37272727272727,0.031979936,6096.300666666667,0.5038352565760462,6.7
5/1/91,389.8299865722656,135.6,0.3700962250185124,5.78,78.3,16.93227272727273,3.8604972493607503,6126.862,0.5013094826578302,6.9
6/1/91,371.1600036621094,136,0.2949852507374784,5.9,82.1,17.135,-4.789262897,6153.220333333334,0.4302093524112926,6.9
7/1/91,387.80999755859375,136.2,0.1470588235294112,5.82,82.9,17.294090909090908,4.485934295776639,6179.578666666666,0.4283664797527953,6.8
8/1/91,395.4299926757813,136.6,0.2936857562408246,5.66,82,15.681363636363637,1.9648784624321625,6205.937,0.4265393282476326,6.9
9/1/91,387.8599853515625,137,0.2928257686676483,5.45,83,16.9565,-1.914373584,6225.471333333333,0.314768476,6.9
10/1/91,392.4500122070313,137.2,0.1459854014598471,5.21,78.3,16.36391304347826,1.1834236654519217,6245.005666666667,0.3137807932507952,7
11/1/91,375.2200012207031,137.8,0.4373177842565745,4.81,69.1,17.7735,-4.390370863,6264.54,0.3127992891599707,7
12/1/91,417.0899963378906,138.2,0.2902757619738683,4.43,68.2,18.347619047619048,11.15878550742815,6297.394,0.5244439336328011,7.3
1/1/92,408.7799987792969,138.3,0.0723589,4.03,67.5,17.68318181818182,-1.992375178,6330.248,0.5217078683658505,7.3
2/1/92,412.7000122070313,138.6,0.2169197396963085,4.06,68.8,17.47736842105263,0.958954313,6363.102,0.5190002034675567,7.4
3/1/92,403.69000244140625,139.1,0.3607503607503615,3.98,76,17.520454545454545,-2.183186213,6398.989,0.5639859301328043,7.4
4/1/92,414.9500122070313,139.4,0.2156721782890169,3.73,77.2,16.56285714285714,2.7892713957560433,6434.876,0.5608229675031495,7.4
5/1/92,415.3500061035156,139.7,0.2152080344332674,3.82,79.2,15.077,0.096395683,6470.763,0.5576952842603289,7.6
6/1/92,408.1400146484375,140.1,0.2863278453829609,3.76,80.4,15.203181818181818,-1.735883315,6502.722333333333,0.4939036298089228,7.8
7/1/92,424.2099914550781,140.5,0.2855103497501732,3.25,76.6,13.60181818181818,3.9373686063305824,6534.681666666666,0.4914762109633264,7.7
8/1/92,414.0299987792969,140.8,0.2135231316725994,3.3,76.1,14.42190476190476,-2.39975316,6566.641,0.4890725357955539,7.6
9/1/92,417.7999877929687,141.1,0.2130681818181656,3.22,75.6,13.696666666666664,0.9105593857418716,6604.695,0.5795048031405958,7.6
10/1/92,418.6799926757813,141.7,0.425230333,3.1,73.3,17.63681818181818,0.2106282691536565,6642.749,0.576165894,7.3
11/1/92,431.3500061035156,142.1,0.2822865208186309,3.09,85.3,14.4245,3.026180770368403,6680.803,0.5728652399782153,7.4
12/1/92,435.7099914550781,142.3,0.1407459535538446,2.92,91,12.191363636363636,1.0107766987062838,6697.021666666667,0.2427652284713088,7.4
1/1/93,438.7799987792969,142.8,0.3513703443429383,3.02,89.3,12.409,0.7045987892006611,6713.240333333333,0.2421773061806131,7.3
2/1/93,443.3800048828125,143.1,0.2100840336134224,3.03,86.6,13.72157894736842,1.0483627595407663,6729.459,0.2415922246390645,7.1
3/1/93,451.6700134277344,143.3,0.1397624039133571,3.07,85.9,13.60608695652174,1.8697299051888772,6755.952333333334,0.3936918752805107,7
4/1/93,440.19000244140625,143.8,0.3489183531053763,2.96,85.6,12.84095238095238,-2.541681016,6782.445666666667,0.3921480203851857,7.1
5/1/93,450.19000244140625,144.2,0.2781641168289051,3,80.3,13.606,2.271746278774489,6808.939,0.3906162265853163,7.1
6/1/93,450.5299987792969,144.3,0.069348128,3.04,81.5,12.524090909090908,0.075522854,6833.325333333333,0.3581517374929177,7
7/1/93,448.1300048828125,144.5,0.1386001386001201,3.06,77,11.50047619047619,-0.532704571,6857.711666666667,0.3568735885349339,6.9
8/1/93,463.55999755859375,144.8,0.207612457,3.03,77.3,11.928636363636365,3.4431956145887233,6882.098,0.3556045298881205,6.8
9/1/93,458.9299926757813,145,0.1381215469613117,3.09,77.9,12.931428571428572,-0.998793016,6925.978,0.6375962678822678,6.7
10/1/93,467.8299865722656,145.6,0.4137931034482678,2.99,82.7,11.875238095238096,1.9392922751884536,6969.858,0.633556734,6.8
11/1/93,461.7900085449219,146,0.2747252747252737,3.02,81.2,14.083809523809524,-1.291062608,7013.738,0.6295680629361478,6.6
12/1/93,466.4500122070313,146.3,0.205479452,2.96,88.2,11.356363636363636,1.0091174724184304,7047.709333333333,0.4843541822254105,6.5
1/1/94,481.6099853515625,146.3,0,3.05,94.3,11.29047619047619,3.2500745519977725,7081.680666666667,0.4820195006150607,6.6
2/1/94,467.1400146484375,146.7,0.2734107997265811,3.25,93.2,13.644210526315788,-3.004499729,7115.652,0.4797072182770812,6.6
3/1/94,445.7699890136719,147.1,0.2726653033401582,3.34,91.5,15.223478260869564,-4.574651061,7159.411666666667,0.6149776108593574,6.5
4/1/94,450.9100036621094,147.2,0.067980965,3.56,92.6,16.47105263157895,1.1530643100964522,7203.171333333333,0.6112187523788615,6.4
5/1/94,456.5,147.5,0.2038043478260975,4.01,92.8,13.897142857142857,1.2397144202814123,7246.931,0.6075055644472194,6.1
6/1/94,444.2699890136719,147.9,0.2711864406779618,4.25,91.2,13.408636363636363,-2.679082363,7274.978999999999,0.3870328005054713,6.1
7/1/94,458.2600098,148.4,0.3380662609871576,4.26,89,12.4845,3.1489907258900107,7303.027,0.385540632,6.1
8/1/94,475.4899902,149,0.4043126684636133,4.47,91.7,11.889130434782608,3.759869964992624,7331.075,0.3840599247407983,6
9/1/94,462.7099914550781,149.3,0.2013422818792021,4.73,91.5,13.233333333333333,-2.687753484,7372.479333333333,0.5647784715520299,5.9
10/1/94,472.3500061035156,149.4,0.066979236,4.76,92.7,15.245238095238095,2.0833815622011143,7413.883666666667,0.5616066381648688,5.8
11/1/94,453.69000244140625,149.8,0.2677376171352108,5.29,91.6,16.383809523809525,-3.950461188,7455.288,0.5584702322682711,5.6
12/1/94,459.2699890136719,150.1,0.2002670226969094,5.45,95.1,14.177142857142856,1.2299117331743048,7477.621666666666,0.2995681275715478,5.5
1/1/95,470.4200134277344,150.5,0.2664890073284409,5.53,97.6,12.274285714285714,2.427771176167703,7499.955333333333,0.2986733972678124,5.6
2/1/95,487.3900146484375,150.9,0.2657807308970028,5.92,95.1,11.47,3.607414807259257,7522.289,0.2977839956913586,5.4
3/1/95,500.7099914550781,151.2,0.1988071570576455,5.98,90.3,12.166521739130436,2.732919511338072,7541.858333333334,0.2601513094396379,5.4
4/1/95,514.7100219726562,151.8,0.3968253968254176,6.05,92.5,12.442631578947369,2.796035780491146,7561.427666666666,0.259476279,5.8
5/1/95,533.4000244140625,152.1,0.1976284584980225,6.01,89.8,12.26590909090909,3.631171269946476,7580.997,0.2588047415913674,5.6
6/1/95,544.75,152.4,0.1972386587771213,6,92.7,11.89681818181818,2.1278543431649366,7615.039666666667,0.4490526334025135,5.6
7/1/95,562.0599975585938,152.6,0.1312335958005173,5.85,94.4,12.514,3.177603957520647,7649.082333333334,0.4470451653151963,5.7
8/1/95,561.8800048828125,152.9,0.1965923984272644,5.74,96.2,12.798260869565215,-0.032023748,7683.125,0.4450555659247346,5.7
9/1/95,584.4099731445312,153.1,0.1308044473512071,5.8,88.9,12.057,4.009747288732535,7712.945333333333,0.3881276607283324,5.6
10/1/95,581.5,153.5,0.2612671456564408,5.76,90.2,14.357272727272727,-0.497933519,7742.765666666667,0.3866270541871719,5.5
11/1/95,605.3699951171875,153.7,0.1302931596091072,5.8,88.2,12.46904761904762,4.104900278106194,7772.586,0.3851380064582299,5.6
12/1/95,615.9299926757812,153.9,0.1301236174365838,5.6,91,11.7485,1.744387340596476,7804.546666666667,0.4111973372397104,5.6
1/1/96,636.0200195,154.7,0.5198180636777128,5.56,89.3,13.473636363636365,3.2617386869231213,7836.507333333333,0.4095134289243241,5.6
2/1/96,640.4299926757812,155,0.1939237233354873,5.22,88.5,15.033,0.6933701784703983,7868.468,0.4078432560219669,5.5
3/1/96,645.5,155.5,0.3225806451612856,5.31,93.7,17.76238095238095,0.7916567590839696,7923.258666666667,0.696332077,5.5
4/1/96,654.1699829101562,156.1,0.38585209,5.22,92.7,16.575238095238095,1.343142201418468,7978.049333333333,0.6915168237176417,5.6
5/1/96,669.1199951171875,156.4,0.1921844971172426,5.24,89.4,16.146363636363635,2.2853405991703157,8032.84,0.686767709,5.6
6/1/96,670.6300048828125,156.7,0.1918158567774774,5.27,92.4,16.395,0.2256709972268122,8065.696,0.4090209689225688,5.3
7/1/96,639.9500122070312,157,0.191448628,5.4,94.7,17.978636363636365,-4.574801672,8098.552000000001,0.4073548023630025,5.5
8/1/96,651.9899902,157.2,0.1273885350318471,5.22,95.3,15.760454545454545,1.881393514756069,8131.408,0.4057021551507001,5.1
9/1/96,687.3300170898438,157.7,0.3180661577608212,5.3,94.7,16.578,5.420332732833044,8174.195666666667,0.526202432,5.2
10/1/96,705.2700195,158.2,0.3170577045022105,5.24,96.5,16.38173913043478,2.610100242291802,8216.983333333334,0.5234480358862648,5.2
11/1/96,757.0200195,158.7,0.3160556257901348,5.31,99.2,15.997,7.337615178140577,8259.771,0.5207223251030957,5.4
12/1/96,740.7399902,159.1,0.2520478890989386,5.29,96.9,19.26095238095238,-2.150541449,8294.065666666667,0.4152011801134225,5.4
1/1/97,786.1599731445312,159.4,0.188560654,5.25,97.4,19.473333333333333,6.131703905412889,8328.360333333334,0.4134843880546412,5.3
2/1/97,790.8200073242188,159.7,0.1882057716436458,5.19,99.7,20.13947368421053,0.5927590234654057,8362.655,0.4117817348681107,5.2
3/1/97,757.1199951171875,159.8,0.062617408,5.39,100,20.17,-4.261401064,8414.711666666668,0.6224897077144353,5.2
4/1/97,801.3400268554688,159.9,0.062578223,5.51,101.4,19.66227272727273,5.840557906734034,8466.768333333333,0.6186387451976305,5.1
5/1/97,848.2800293,159.9,0,5.5,103.2,19.924761904761905,5.857688480332501,8518.825,0.6148351368221894,4.9
6/1/97,885.1400146484375,160.2,0.1876172607879755,5.56,104.5,20.194285714285712,4.345261479527585,8566.824333333334,0.5634501628256627,5
7/1/97,954.3099975585938,160.4,0.1248439450686644,5.52,107.1,20.529090909090908,7.814580943742477,8614.823666666667,0.5602931899346686,4.9
8/1/97,899.4699707,160.8,0.2493765586034868,5.54,104.4,23.084761904761905,-5.746563171,8662.823,0.5571713965435654,4.8
9/1/97,947.2800293,161.2,0.2487562189054548,5.54,106,23.812380952380952,5.315359061556713,8697.184333333333,0.3966528386108336,4.9
10/1/97,914.6199951171876,161.5,0.1861042183622929,5.5,105.6,23.870869565217394,-3.447769738,8731.545666666667,0.3950857198879776,4.7
11/1/97,955.4000244140624,161.7,0.1238390092879182,5.52,107.2,32.20611111111111,4.458685521263939,8765.907,0.3935309353590099,4.6
12/1/97,970.4299926757812,161.8,0.061842919,5.5,102.1,26.276363636363637,1.5731597108694428,8799.431333333332,0.3824399840579362,4.7
1/1/98,980.2800293,162,0.1236093943139504,5.56,106.6,23.8665,1.0150177442407982,8832.955666666667,0.3809829529135555,4.6
2/1/98,1049.3399658203125,162,0,5.51,110.4,19.998947368421053,7.044919253631243,8866.48,0.3795369817132021,4.6
3/1/98,1101.75,162,0,5.49,106.5,20.158636363636365,4.994571434122053,8900.886333333334,0.3880495228471003,4.7
4/1/98,1111.75,162.2,0.12345679,5.45,108.7,22.02857142857143,0.9076469253460396,8935.292666666666,0.3865495192819423,4.3
5/1/98,1090.8199462890625,162.6,0.2466091245376223,5.49,106.5,20.874,-1.882622326,8969.699,0.3850610675762977,4.4
6/1/98,1133.8399658203125,162.8,0.1230012300123206,5.56,105.6,21.66272727272727,3.9438240635040422,9020.165,0.5626275753511933,4.5
7/1/98,1120.6700439453125,163.2,0.245700246,5.54,105.2,19.93,-1.161532692,9070.631,0.5594797877865654,4.5
8/1/98,957.2800293,163.4,0.1225490196078427,5.55,104.4,31.58809523809524,-14.57967183,9121.097,0.5563670267261456,4.5
9/1/98,1017.010009765625,163.5,0.06119951,5.51,100.9,38.2047619,6.239551504341101,9178.728333333333,0.631846513,4.6
10/1/98,1098.6700439453125,163.9,0.244648318,5.07,97.4,36.60818181818182,8.029422856762892,9236.359666666667,0.6278792795734178,4.5
11/1/98,1163.6300048828125,164.1,0.1220256253813278,4.83,102.7,26.223,5.912599628568138,9293.991,0.6239615542616761,4.4
12/1/98,1229.22998,164.4,0.1828153564899626,4.68,100.5,25.479090909090907,5.637528708495609,9333.221333333331,0.4221042750453874,4.4
1/1/99,1279.6400146484375,164.7,0.1824817518248034,4.63,103.9,28.035263157894736,4.100944085374847,9372.451666666668,0.4203300439605373,4.3
2/1/99,1238.3299560546875,164.7,0,4.76,108.1,28.82263157894737,-3.228256238,9411.682,0.4185706656973931,4.4
3/1/99,1286.3699951171875,164.8,0.060716454,4.81,105.7,25.309565217391302,3.879421541,9449.858,0.405623564,4.2
4/1/99,1335.1800537109375,165.9,0.6674757281553312,4.74,104.6,23.478571428571428,3.7944027596277463,9488.034,0.4039849064398693,4.3
5/1/99,1301.8399658203125,166,0.060277275,4.74,106.8,26.2045,-2.49704808,9526.21,0.4023594350526016,4.2
6/1/99,1372.709961,166,0,4.76,107.3,23.626363636363635,5.443833111432483,9579.682,0.5613145206750714,4.3
7/1/99,1328.719970703125,166.7,0.4216867469879481,4.99,106,21.04904761904762,-3.204609239,9633.154,0.5581813676069913,4.3
8/1/99,1320.4100341796875,167.1,0.2399520095980767,5.07,104.5,24.323636363636364,-0.625409169,9686.626,0.5550829977388538,4.2
9/1/99,1282.709961,167.8,0.418910832,5.22,107.2,24.541428571428572,-2.855179245,9757.807,0.7348379095053481,4.2
10/1/99,1362.9300537109375,168.1,0.1787842669844996,5.2,103.2,24.021428571428572,6.253954145238461,9828.988,0.7294774327879061,4.1
11/1/99,1388.9100341796875,168.4,0.1784651992861485,5.42,107.2,21.81809523809524,1.906185896922041,9900.169,0.7241945966359964,4.1
12/1/99,1469.25,168.8,0.2375296912114022,5.3,105.4,22.159090909090907,5.784389473992291,9934.172333333334,0.3434621503262569,4
1/1/00,1394.459961,169.3,0.2962085308056972,5.45,112,23.202,-5.090354879,9968.175666666666,0.3422865256649254,4
2/1/00,1366.4200439453125,170,0.4134672179562759,5.73,111.3,23.5955,-2.010808326,10002.179,0.3411189215599464,4.1
3/1/00,1498.5799560546875,171,0.588235294,5.85,107.1,22.718260869565217,9.671982835364812,10084.026,0.8182916942398144,4
4/1/00,1452.4300537109375,170.9,-0.058479532,6.02,109.2,27.164210526315788,-3.079575578,10165.873,0.8116500294624407,3.8
5/1/00,1420.5999755859375,171.2,0.1755412521942556,6.27,110.7,26.373181818181816,-2.19150506,10247.72,0.8051153108050713,4
6/1/00,1454.5999755859375,172.2,0.5841121495327117,6.53,106.4,21.54,2.3933549615877237,10271.20166666667,0.2291404006615094,4
7/1/00,1430.8299560546875,172.7,0.2903600464576161,6.54,108.3,19.893,-1.63412759,10294.68333333333,0.2286165477878521,4
8/1/00,1517.6800537109375,172.7,0,6.5,107.3,18.08869565217391,6.069910494167097,10318.165,0.2280950846796692,4.1
9/1/00,1436.510009765625,173.6,0.5211349160393786,6.52,106.8,19.6875,-5.348297472,10357.358,0.3798446719935011,3.9
10/1/00,1429.4000244140625,173.9,0.1728110599078514,6.51,105.8,25.2,-0.494948542,10396.551,0.3784073119805109,3.9
11/1/00,1314.949951171875,174.2,0.1725129384703816,6.51,107.6,26.382857142857144,-8.006861011,10435.744,0.3769807891097931,3.9
12/1/00,1320.280029296875,174.6,0.2296211251435087,6.4,98.4,26.5305,0.4053445623728668,10447.23966666667,0.1101566564556399,3.9
1/1/01,1366.010009765625,175.6,0.572737686,5.98,94.7,24.91857142857143,3.4636576676164488,10458.73533333333,0.1100354450883189,4.2
2/1/01,1239.939941,176,0.2277904328018332,5.49,90.6,23.41157894736842,-9.22907354,10470.231,0.1099145001789203,4.2
3/1/01,1160.3299560546875,176.1,0.056818182,5.31,91.5,28.49681818181818,-6.42047108,10513.154,0.4099527508036882,4.3
4/1/01,1249.459961,176.4,0.1703577512776943,4.8,88.4,28.134,7.681436165439459,10556.077,0.4082789998129943,4.4
5/1/01,1255.8199462890625,177.3,0.5102040816326481,4.21,92,22.944090909090907,0.5090187401275648,10599,0.4066188603967235,4.3
6/1/01,1224.3800048828125,177.7,0.2256063169768563,3.97,92.6,20.940476190476193,-2.503538943,10598.67333333333,-0.003082052,4.5
7/1/01,1211.22998,177.4,-0.16882386,3.77,92.4,22.31619047619047,-1.07401496,10598.34666666667,-0.003082147,4.6
8/1/01,1133.5799560546875,177.4,0,3.65,91.5,21.861739130434785,-6.410840688,10598.02,-0.003082242,4.9
9/1/01,1040.939941,178.1,0.3945885005636862,3.07,81.8,35.065333333333335,-8.172340571,10618.835,0.1964046114274031,5
10/1/01,1059.780029296875,177.6,-0.280741157,2.49,82.7,32.72130434782609,1.8099111333141016,10639.65,0.1960196198547148,5.3
11/1/01,1139.449951171875,177.5,-0.056306306,2.09,83.9,26.63095238095238,7.517590412,10660.465,0.1956361346472812,5.5
12/1/01,1148.0799560546875,177.4,-0.056338028,1.82,88.8,23.72,0.7573834088927756,10701.47666666667,0.3847080466627739,5.7
1/1/02,1130.199951171875,177.7,0.1691093573844337,1.73,93,22.252857142857145,-1.557383246,10742.48833333333,0.3832337157207988,5.7
2/1/02,1106.72998,178,0.1688238604389491,1.74,90.7,22.875789473684208,-2.076621104,10783.5,0.3817706419043887,5.7
3/1/02,1147.3900146484375,178.5,0.2808988764045006,1.73,95.7,18.985,3.6738892862074657,10818.15333333333,0.3213551567981643,5.7
4/1/02,1076.9200439453125,179.3,0.4481792717086819,1.75,93,19.900454545454544,-6.141762592,10852.80666666667,0.3203257734068598,5.9
5/1/02,1067.1400146484375,179.5,0.1115448968209698,1.75,96.9,20.08772727272727,-0.908148135,10887.46,0.319302964,5.8
6/1/02,989.8200073242188,179.6,0.055710306,1.75,92.4,25.271,-7.245535381,10919.65333333333,0.2956918632383676,5.8
7/1/02,911.6199951171876,180,0.222717149,1.73,88.1,34.04954545454546,-7.900427515,10951.84666666667,0.2948201041791831,5.8
8/1/02,916.0700073242188,180.5,0.2777777777777768,1.74,87.6,33.74272727272727,0.4881433306494376,10984.04,0.2939534702518731,5.7
9/1/02,815.2800293,180.8,0.1662049861495873,1.75,86.1,37.6475,-11.00243183,11009.83766666667,0.2348650102027116,5.7
10/1/02,885.7600098,181.2,0.221238938,1.75,80.6,35.243043478260866,8.644880033371404,11035.63533333333,0.2343146869891121,5.7
11/1/02,936.3099975585938,181.5,0.165562914,1.34,84.2,28.175,5.706962070498589,11061.433,0.2337669367231454,5.9
12/1/02,879.8200073242188,181.8,0.1652892561983643,1.24,86.7,28.210476190476193,-6.033257189,11098.99833333333,0.33960639,6
1/1/03,855.7000122070312,182.6,0.4400440044004305,1.24,82.4,27.424285714285713,-2.741469268,11136.56366666667,0.3384569688646754,5.8
2/1/03,841.1500244140625,183.6,0.5476451259583737,1.26,79.9,32.21842105263158,-1.700360826,11174.129,0.3373153017188768,5.9
3/1/03,848.1799926757812,183.9,0.1633986928104569,1.25,77.6,30.634285714285713,0.8357567684332823,11220.34133333333,0.4135654182382264,5.9
4/1/03,916.9199829101562,183.2,-0.380641653,1.26,86,23.99190476190476,8.104410718,11266.55366666667,0.4118620990259281,6
5/1/03,963.5900268554688,182.9,-0.163755459,1.26,92.1,20.239523809523806,5.0898709609522585,11312.766,0.4101727529160381,6.1
6/1/03,974.5,183.1,0.1093493712411186,1.22,89.7,20.362380952380953,1.1322214676852127,11397.40033333333,0.748131212,6.3
7/1/03,990.3099975585938,183.7,0.3276897870016393,1.01,90.9,19.161363636363635,1.6223701958536507,11482.03466666667,0.7425757704220937,6.2
8/1/03,1008.010009765625,184.5,0.4354926510615087,1.03,89.3,19.27428571428571,1.7873203593487874,11566.669,0.7371022278745532,6.1
9/1/03,995.9699707,185.1,0.3252032520325132,1.01,87.7,19.53238095238095,-1.194436459,11635.19066666667,0.5924062205520775,6.1
10/1/03,1050.709961,184.9,-0.108049703,1.01,89.6,18.023478260869563,5.496148663571665,11703.71233333333,0.5889174370211636,6
11/1/03,1058.199951171875,185,0.054083288,1,93.7,17.40105263157895,0.7128504071372888,11772.234,0.5854695050177661,5.8
12/1/03,1111.9200439453125,185.5,0.2702702702702675,0.98,92.6,16.826363636363634,5.076554077889206,11822.63833333333,0.4281628562032402,5.7
1/1/04,1131.1300048828125,186.3,0.431266846,1,103.8,16.101,1.7276386950755285,11873.04266666667,0.4263374376532125,5.7
2/1/04,1144.939941,186.7,0.2147074610842514,1.01,94.4,15.998421052631578,1.220897373761054,11923.447,0.4245275179111329,5.6
3/1/04,1126.209961,187.1,0.2142474558114671,1,95.8,17.687391304347827,-1.635891962,11986.56966666667,0.529399482,5.8
4/1/04,1107.300048828125,187.4,0.1603420630678753,1,94.2,15.698571428571428,-1.679075196,12049.69233333333,0.5266116030026247,5.6
5/1/04,1120.6800537109375,188.2,0.4268943436499306,1,90.2,17.705,1.208345009735412,12112.815,0.5238529326765606,5.6
6/1/04,1140.8399658203125,188.9,0.3719447396386854,1.03,95.6,15.342727272727272,1.7988998771432565,12176.979,0.5297199701308042,5.6
7/1/04,1101.719970703125,189.1,0.1058761249338235,1.26,96.7,15.502380952380951,-3.429051952,12241.143,0.526928723,5.5
8/1/04,1104.239990234375,189.2,0.052882073,1.43,95.9,16.68409090909091,0.228735032,12305.307,0.5241667383511617,5.4
9/1/04,1114.5799560546875,189.8,0.3171247357294016,1.61,94.2,14.08095238095238,0.9363875526838816,12379.276,0.6011146247712373,5.4
10/1/04,1130.199951171875,190.8,0.5268703898840821,1.76,91.7,14.973809523809525,1.4014243690939845,12453.245,0.5975228276678068,5.5
11/1/04,1173.8199462890625,191.7,0.4716981132075304,1.93,92.8,13.577619047619049,3.859493629597055,12527.214,0.5939736992245814,5.4
12/1/04,1211.9200439453125,191.7,0,2.16,97.1,12.459545454545454,3.245821284320516,12607.238,0.6388012530160303,5.4
1/1/05,1181.27002,191.6,-0.052164841,2.28,95.5,13.438,-2.529046744,12687.262,0.6347464845194661,5.3
2/1/05,1203.5999755859375,192.4,0.4175365344467607,2.5,94.1,11.708947368421052,1.8903346132113308,12767.286,0.6307428663489434,5.4
3/1/05,1180.5899658203125,193.1,0.3638253638253541,2.63,92.6,13.126363636363635,-1.911765556,12819.076,0.4056461177418535,5.2
4/1/05,1156.8499755859375,193.7,0.3107198342827466,2.79,87.7,14.45904761904762,-2.010858208,12870.866,0.4040072779036618,5.2
5/1/05,1191.5,193.6,-0.051626226,3,86.9,13.967619047619047,2.995204663120865,12922.656,0.4023816268462488,5.1
6/1/05,1191.3299560546875,193.7,0.051652893,3.04,96,11.868636363636364,-0.014271418,12995.98466666667,0.5674426887682271,5
7/1/05,1234.1800537109375,194.9,0.6195147134744561,3.26,96.5,11.049,3.596828690361842,13069.31333333333,0.564240945,5
8/1/05,1220.3299560546875,196.1,0.6157003591585442,3.5,89.1,12.951304347826088,-1.12221046,13142.642,0.5610751291702964,4.9
9/1/05,1228.810059,198.8,1.376848547,3.62,76.9,12.628095238095238,0.694902432,13203.16266666667,0.4604908713687239,5
10/1/05,1207.010009765625,199.1,0.1509054325955716,3.78,74.2,14.937619047619048,-1.774077993,13263.68333333333,0.4583800729764054,5
11/1/05,1249.47998,198.1,-0.502260171,4,81.6,12.147619047619049,3.5186096519093324,13324.204,0.4562885372464631,5
12/1/05,1248.290039,198.1,0,4.16,91.5,11.26,-0.095234932,13415.856,0.6878609784119138,4.9
1/1/06,1280.0799560546875,199.3,0.6057546693589266,4.29,91.2,12.036,2.5466771341108085,13507.508,0.6831617751412944,4.7
2/1/06,1280.6600341796875,199.4,0.050175615,4.49,86.7,12.471052631578948,0.045315773,13599.16,0.6785263425348242,4.8
3/1/06,1294.8699951171875,199.7,0.1504513540621754,4.59,88.9,11.69391304347826,1.1095810408889628,13650.58133333333,0.3781213937723349,4.7
4/1/06,1310.6099853515625,200.7,0.5007511266900355,4.79,87.4,11.847368421052632,1.215565291784415,13702.00266666667,0.3766970217434995,4.7
5/1/06,1270.0899658203125,201.3,0.2989536621823774,4.94,79.1,14.454545454545451,-3.091691654,13753.424,0.3752833405763711,4.6
6/1/06,1270.199951171875,201.8,0.2483854942871399,4.99,84.9,16.918636363636363,0.00865965,13792.34533333333,0.282993772,4.6
7/1/06,1276.6600341796875,202.9,0.5450941526263575,5.24,84.7,15.326,0.5085878803453348,13831.26666666667,0.2821951770543007,4.7
8/1/06,1303.8199462890625,203.8,0.4435682602267121,5.25,82,13.35173913043478,2.127419311502643,13870.188,0.2814010767873576,4.7
9/1/06,1335.8499755859375,202.8,-0.490677134,5.25,85.4,12.1845,2.4566297967782313,13926.64533333333,0.4070408658723989,4.5
10/1/06,1377.939941,201.9,-0.443786982,5.25,93.6,11.306363636363637,3.1508003585395628,13983.10266666667,0.40539076,4.4
11/1/06,1400.6300048828125,202,0.04952947,5.25,92.1,10.817619047619049,1.6466656343095964,14039.56,0.403753978,4.5
12/1/06,1418.300048828125,203.1,0.544554455,5.24,91.7,10.9645,1.2615782814670462,14098.257,0.418082903,4.4
1/1/07,1438.239990234375,203.437,0.1659281142294633,5.25,96.9,11.0425,1.4059043023177953,14156.954,0.4163422471302747,4.6
2/1/07,1406.8199462890625,204.226,0.3878350545869269,5.26,91.3,11.155263157894735,-2.184617599,14215.651,0.4146160254529407,4.5
3/1/07,1420.8599853515625,205.288,0.5200121434097538,5.26,88.4,15.162727272727272,0.9979982939206432,14277.79466666667,0.4371496364582228,4.4
4/1/07,1482.3699951171875,205.904,0.3000662483924943,5.25,87.1,12.933,4.3290690426759815,14339.93833333333,0.4352469559724126,4.5
5/1/07,1530.6199951171875,206.755,0.4132994016629032,5.25,88.3,13.297727272727272,3.2549228707361655,14402.082,0.4333607664282368,4.4
6/1/07,1503.3499755859375,207.234,0.231675171,5.25,85.3,14.947619047619048,-1.781632255,14456.09366666667,0.3750267958942954,4.6
7/1/07,1455.27002,207.603,0.1780595848171584,5.26,90.4,17.273333333333333,-3.198187836,14510.10533333333,0.3736255997787374,4.7
8/1/07,1473.989990234375,207.667,0.030828071,5.02,83.4,25.02608695652174,1.2863572018857905,14564.117,0.3722348351434368,4.6
9/1/07,1526.75,208.547,0.4237553390765036,4.94,83.4,22.198947368421052,3.579400817860079,14614.43066666667,0.3454632139158864,4.7
10/1/07,1549.3800048828125,209.19,0.3083237831280172,4.76,80.9,19.115652173913045,1.4822338223554832,14664.74433333333,0.3442738743248963,4.7
11/1/07,1481.1400146484375,210.834,0.7858884267890387,4.49,76.1,25.58238095238095,-4.404341738,14715.058,0.3430926958085889,4.7
12/1/07,1468.3599853515625,211.445,0.2898014551732553,4.24,75.5,21.651,-0.862850856,14712.218,-0.019299958,5
1/1/08,1378.550048828125,212.174,0.3447705076970342,3.94,78.4,25.81619047619047,-6.116343228,14709.378,-0.019303684,5
2/1/08,1330.6300048828125,212.687,0.2417826877939788,2.98,70.8,25.456,-3.476119274,14706.538,-0.019307411,4.9
3/1/08,1322.699951171875,213.448,0.3578027806118822,2.61,69.5,27.1035,-0.59596234,14759.59233333333,0.3607533828378306,5.1
4/1/08,1385.5899658203125,213.942,0.2314381020201539,2.28,62.6,21.562727272727273,4.754669764,14812.64666666667,0.3594566308821489,5
5/1/08,1400.3800048828125,215.208,0.5917491656617146,1.98,59.8,18.30333333333333,1.067418170406853,14865.701,0.3581691680577314,5.4
6/1/08,1280,217.463,1.047823501,2,56.4,22.11047619047619,-8.596238483,14876.80033333333,0.074664043,5.6
7/1/08,1267.3800048828125,219.016,0.7141444751521009,2.01,61.2,24.32181818181818,-0.985937119,14887.89966666667,0.074608337,5.8
8/1/08,1282.8299560546875,218.69,-0.148847573,2,63,20.695714285714285,1.2190464669121548,14898.999,0.074552714,6.1
9/1/08,1166.3599853515625,218.877,0.085509168,1.81,70.3,30.23857142857143,-9.079143354,14802.069,-0.65058062,6.1
10/1/08,968.75,216.995,-0.859843656,0.97,57.6,61.17739130434782,-16.9424524,14705.139,-0.654840887,6.5
11/1/08,896.2399902,213.153,-1.770547708,0.39,55.3,62.66894736842106,-7.484904234,14608.209,-0.659157319,6.8
12/1/08,903.25,211.398,-0.82335224,0.16,60.1,52.405,0.7821576633499472,14549.10666666667,-0.404583021,7.3
1/1/09,825.8800048828125,211.933,0.2530771341261451,0.15,61.2,44.683,-8.565734306,14490.00433333333,-0.406226545,7.8
2/1/09,735.0900268554688,212.705,0.3642660652187324,0.22,56.3,45.57052631578947,-10.99311976,14430.902,-0.407883476,8.3
3/1/09,797.8699951171875,212.495,-0.098728286,0.18,57.3,44.79545454545455,8.540446199532292,14414.34666666667,-0.114721404,8.7
4/1/09,872.8099975585938,212.709,0.1007082519588697,0.15,65.1,38.06380952380952,9.392507914826332,14397.79133333333,-0.114853165,9
5/1/09,919.1400146484376,213.022,0.1471493918921984,0.18,68.7,31.978,5.308144638516654,14381.236,-0.114985229,9.4
6/1/09,919.3200073242188,214.79,0.8299612246622345,0.21,70.8,29.140454545454546,0.019582727,14403.78466666667,0.1567922720040915,9.5
7/1/09,987.4799805,214.726,-0.029796545,0.16,66,26.16272727272727,7.414172714778422,14426.33333333333,0.1565468186902396,9.5
8/1/09,1020.6199951171876,215.445,0.3348453377792992,0.16,65.7,25.337142857142855,3.356018886854417,14448.882,0.1563021326740576,9.6
9/1/09,1057.0799560546875,215.861,0.1930887233400513,0.15,73.5,24.926666666666662,3.5723345723119637,14516.33766666667,0.4668573434724488,9.8
10/1/09,1036.189941,216.509,0.3001931798703783,0.12,70.6,24.25227272727273,-1.976200053,14583.79333333333,0.4646879138224813,10
11/1/09,1095.6300048828125,217.234,0.3348590589767664,0.12,67.4,23.789,5.736406145372763,14651.249,0.4625385530696579,9.9
12/1/09,1115.0999755859375,217.347,0.05201764,0.12,72.5,21.239545454545457,1.777057091933831,14689.036,0.2579097522675377,9.9
1/1/10,1073.8699951171875,217.488,0.064873221,0.11,74.4,20.64315789473684,-3.697424569,14726.823,0.2572462890008564,9.8
2/1/10,1104.489990234375,217.281,-0.095177665,0.13,73.6,22.54,2.851368904654606,14764.61,0.2565862304449551,9.8
3/1/10,1169.4300537109375,217.353,0.033136814,0.16,73.6,17.767391304347825,5.8796425545497355,14836.471,0.4867111288411774,9.9
4/1/10,1186.689941,217.403,0.023004053,0.2,72.2,17.424285714285713,1.4759230482012995,14908.332,0.4843537253569341,9.9
5/1/10,1089.4100341796875,217.29,-0.051977204,0.2,73.6,31.9295,-8.197584207,14980.193,0.4820190481403141,9.6
6/1/10,1030.709961,217.199,-0.041879516,0.18,76,29.91636363636363,-5.388244224,15033.99766666667,0.3591720525007336,9.4
7/1/10,1101.5999755859375,217.605,0.186925354,0.18,67.8,25.565238095238097,6.8777849574635175,15087.80233333333,0.357886624,9.4
8/1/10,1049.3299560546875,217.923,0.1461363479699606,0.19,68.9,24.745909090909088,-4.744918363,15141.607,0.3566103629804251,9.5
9/1/10,1141.199951171875,218.275,0.1615249422961318,0.19,68.2,22.517619047619046,8.755110305113556,15197.56266666667,0.3695490621746344,9.5
10/1/10,1183.260009765625,219.035,0.348184629,0.19,67.7,20.37333333333333,3.685599403554063,15253.51833333333,0.3681884253018408,9.4
11/1/10,1180.550048828125,219.59,0.253384162,0.19,71.6,20.095714285714283,-0.229024975,15309.474,0.3668377710891235,9.8
12/1/10,1257.6400146484375,220.472,0.4016576346828282,0.18,74.5,17.569545454545455,6.530004034715509,15323.46533333333,0.091390033,9.3
1/1/11,1286.1199951171875,221.187,0.3243042200370194,0.17,74.2,17.3155,2.2645574359139164,15337.45666666667,0.091306588,9.1
2/1/11,1327.219970703125,221.898,0.321447463,0.16,77.5,17.43,3.1956563728093412,15351.448,0.091223295,9
3/1/11,1325.8299560546875,223.046,0.517354821,0.14,67.5,20.72347826086956,-0.104731294,15420.145,0.447495246,9
4/1/11,1363.6099853515625,224.093,0.4694098975099203,0.1,69.8,16.244,2.8495380666536008,15488.842,0.4455016473580597,9.1
5/1/11,1345.199951171875,224.806,0.3181714734507679,0.09,74.3,16.911428571428573,-1.35009529,15557.539,0.443525733,9
6/1/11,1320.6400146484375,224.806,0,0.09,71.5,19.153181818181817,-1.825746165,15587.586,0.1931346596656391,9.1
7/1/11,1292.280029296875,225.395,0.2620036831757044,0.07,63.7,19.2275,-2.147442531,15617.633,0.1927623687208557,9
8/1/11,1218.8900146484375,226.106,0.3154462166418792,0.1,55.8,35.02913043478261,-5.679110795,15647.68,0.1923915102884033,9
9/1/11,1131.4200439453125,226.597,0.2171547858084377,0.08,59.5,36.53,-7.176198808,15712.53966666667,0.4145002113199458,9
10/1/11,1253.300048828125,226.75,0.067520753,0.07,60.8,32.82904761904762,10.772303843744147,15777.39933333333,0.4127891992168342,8.8
11/1/11,1246.959961,227.169,0.1847850055126887,0.08,63.7,31.94190476190476,-0.505871511,15842.259,0.4110922547903017,8.6
12/1/11,1257.5999755859375,227.223,0.023770849,0.07,69.9,25.047619047619047,0.8532763666636134,15917.77433333333,0.4766702358125041,8.5
1/1/12,1312.4100341796875,227.842,0.2724196054096683,0.08,75,20.228,4.358306270498535,15993.28966666667,0.4744088699335513,8.3
2/1/12,1365.6800537109375,228.329,0.2137446124946151,0.1,75.3,18.4205,4.058946376811723,16068.805,0.472168859,8.3
3/1/12,1408.469970703125,228.807,0.2093470387029228,0.13,76.2,16.167272727272728,3.133231453144192,16114.90833333333,0.2869120219787913,8.2
4/1/12,1397.9100341796875,229.187,0.1660788350006825,0.14,76.4,17.823,-0.749745237,16161.01166666667,0.2860911919553288,8.2
5/1/12,1310.3299560546875,228.713,-0.206818013,0.16,79.3,21.00181818181818,-6.265072571,16207.115,0.285275045,8.2
6/1/12,1362.1600341796875,228.524,-0.082636317,0.16,73.2,21.13095238095238,3.955498222833631,16244.59033333333,0.2312276634881094,8.2
7/1/12,1379.3199462890625,228.59,0.028880993,0.16,72.3,17.565238095238097,1.259757420478791,16282.06566666667,0.2306942345996931,8.2
8/1/12,1406.5799560546875,229.918,0.580952798,0.13,74.3,15.689565217391303,1.9763369506085704,16319.541,0.2301632612258242,8.1
9/1/12,1440.6700439453125,231.015,0.4771266277542318,0.14,78.3,15.284736842105264,2.4236153617775313,16353.167,0.206047462,7.8
10/1/12,1412.1600341796875,231.638,0.2696794580438588,0.16,82.6,16.276190476190475,-1.978940972,16386.793,0.2056237791737913,7.8
11/1/12,1416.1800537109375,231.249,-0.167934449,0.16,82.7,16.70190476190476,0.2846716685042771,16420.419,0.205201835,7.7
12/1/12,1426.189941,231.221,-0.01210816,0.16,72.9,17.307,0.7068230956284616,16496.34233333333,0.462371474,7.9
1/1/13,1498.1099853515625,231.679,0.1980788942180789,0.14,73.8,13.505238095238097,5.0428096466868855,16572.26566666667,0.4602434394194388,8
2/1/13,1514.6800537109375,232.937,0.5429926752100966,0.15,77.6,14.072631578947368,1.1060648765041536,16648.189,0.4581349035819526,7.7
3/1/13,1569.189941,232.282,-0.28119191,0.14,78.6,13.0315,3.5987723982872977,16675.02166666667,0.161174688,7.5
4/1/13,1597.5699462890625,231.797,-0.208797927,0.15,76.4,13.967272727272729,1.8085767779890016,16701.85433333333,0.1609153331434409,7.6
5/1/13,1630.739990234375,231.893,0.041415549,0.11,84.5,13.493636363636364,2.0762811683057825,16728.687,0.1606568116997664,7.5
6/1/13,1606.280029296875,232.445,0.2380408205508555,0.09,84.1,17.2715,-1.49993016,16803.73733333333,0.4486325396208857,7.5
7/1/13,1685.72998,232.9,0.1957452300544337,0.09,85.1,13.974545454545456,4.946207991308538,16878.78766666667,0.446628817,7.3
8/1/13,1632.969970703125,233.456,0.2387290682696274,0.08,82.1,14.21,-3.129801948,16953.838,0.4446429140260166,7.2
9/1/13,1681.550048828125,233.544,0.037694469,0.08,77.5,14.692,2.974952325919533,17033.23166666667,0.4682931774308008,7.2
10/1/13,1756.540039,233.669,0.053523105,0.09,73.2,15.40782608695652,4.459575276194472,17112.62533333333,0.4661104141619132,7.2
11/1/13,1805.810059,234.1,0.184448943,0.08,75.1,12.924,2.8049471367328715,17192.019,0.4639479046620653,6.9
12/1/13,1848.3599853515625,234.719,0.2644169158479315,0.09,82.5,14.192380952380953,2.356279197544598,17193.92533333333,0.011088479,6.7
1/1/14,1782.5899658203125,235.288,0.2424175290453689,0.07,81.2,14.24095238095238,-3.558290596,17195.83166666667,0.011087249,6.6
2/1/14,1859.449951171875,235.547,0.1100778620244158,0.07,81.6,15.47,4.311703018,17197.738,0.01108602,6.7
3/1/14,1872.3399658203125,236.028,0.20420553,0.08,80,14.836666666666666,0.6932165418227054,17304.66133333333,0.6217290514213492,6.7
4/1/14,1883.949951171875,236.468,0.1864185605097601,0.09,84.1,14.198095238095238,0.6200789153414155,17411.58466666667,0.6178874655430322,6.2
5/1/14,1923.5699462890625,236.918,0.1903005903547194,0.09,81.9,12.475238095238096,2.103028007328045,17518.508,0.6140930614892959,6.3
6/1/14,1960.22998,237.231,0.1321132206079767,0.1,82.5,11.541428571428572,1.9058331749470137,17613.748,0.5436536033776251,6.1
7/1/14,1930.6700439453125,237.498,0.1125485286492811,0.09,81.8,12.296363636363637,-1.507983085,17708.988,0.5407139922746884,6.2
8/1/14,2003.3699951171875,237.46,-0.016000135,0.09,82.5,13.49190476190476,3.765529557982528,17804.228,0.5378059999814777,6.1
9/1/14,1972.290039,237.477,0.0071591,0.09,84.6,13.466666666666669,-1.551383725,17840.17833333333,0.2019202030738354,5.9
10/1/14,2018.050048828125,237.43,-0.01979139,0.09,86.9,18.058695652173913,2.320146066720308,17876.12866666667,0.2015133069952046,5.7
11/1/14,2067.560059,236.983,-0.188266015,0.09,88.8,13.413157894736845,2.453358864631494,17912.079,0.2011080475179616,5.8
12/1/14,2058.899902,236.252,-0.308460944,0.12,93.6,16.292272727272728,-0.418858752,17962.56233333334,0.2818396085308539,5.6
1/1/15,1994.989990234375,234.747,-0.637031644,0.11,98.1,19.1195,-3.104080584,18013.04566666667,0.2810475053419692,5.7
2/1/15,2104.5,235.342,0.2534643680217385,0.11,95.4,15.904210526315788,5.489251089,18063.529,0.2802598420474256,5.5
3/1/15,2067.889892578125,235.976,0.2693951780812442,0.11,93,14.812727272727273,-1.739610711,18135.614,0.3990637709829769,5.4
4/1/15,2085.510009765625,236.222,0.1042478896158938,0.12,95.9,13.494761904761903,0.8520819822535275,18207.699,0.3974775819555853,5.4
5/1/15,2107.389892578125,237.001,0.3297745341246827,0.12,90.7,13.3385,1.0491382304589791,18279.784,0.3959039524983332,5.6
6/1/15,2063.110107421875,237.657,0.2767920810460733,0.13,96.1,14.339545454545457,-2.101167198,18320.398,0.2221798682085163,5.3
7/1/15,2103.840087890625,238.034,0.1586319780187306,0.13,93.1,14.352727272727272,1.974202943518488,18361.012,0.2216873236050798,5.2
8/1/15,1972.1800537109375,238.033,-0.000420108,0.14,91.9,19.42809523809524,-6.258081826,18401.626,0.2211969579890338,5.1
9/1/15,1920.030029296875,237.498,-0.224758752,0.14,87.2,24.377142857142857,-2.644283128,18412.79633333333,0.060702969,5
10/1/15,2079.360107421875,237.733,0.098948202,0.12,90,16.789545454545454,8.298311781266655,18423.96666666667,0.060666143,5
11/1/15,2080.409912109375,238.017,0.1194617491050875,0.12,91.3,16.21,0.050486911,18435.137,0.060629361,5.1
12/1/15,2043.939941,237.761,-0.107555343,0.24,92.6,18.025454545454544,-1.753018503,18465.40233333333,0.1641720011808622,5
1/1/16,1940.239990234375,237.652,-0.045844356,0.34,92,23.717894736842105,-5.073532205,18495.66766666667,0.1639029184796303,4.8
2/1/16,1932.22998,237.336,-0.132967532,0.38,91.7,22.517,-0.412836031,18525.933,0.1636347164037488,4.9
3/1/16,2059.739990234375,238.08,0.3134796238244419,0.36,91,15.849090909090908,6.599111444005845,18587.856,0.3342503721674772,5
4/1/16,2065.300048828125,238.992,0.3830645161290169,0.37,89,14.30047619047619,0.2699398283332543,18649.779,0.3331368609698737,5.1
5/1/16,2096.949951171875,239.557,0.236409587,0.37,94.7,14.85285714285714,1.5324602525288444,18711.702,0.3320307441712966,4.8
6/1/16,2098.860107421875,240.222,0.2775957287827202,0.38,93.5,17.774545454545454,0.091092124,18772.01433333333,0.3223241441816959,4.9
7/1/16,2173.600098,240.101,-0.050370074,0.39,90,13.1585,3.5609800753315435,18832.32666666667,0.3212885536010068,4.8
8/1/16,2170.949951171875,240.545,0.1849221785831689,0.4,89.8,12.399565217391304,-0.12192429,18892.639,0.3202595961766086,4.9
9/1/16,2168.27002,241.176,0.2623209794425207,0.4,91.2,14.219523809523809,-0.123445114,18958.219,0.3471193198578692,5
10/1/16,2126.149902,241.741,0.2342687497926876,0.4,87.2,14.585238095238095,-1.942567891,19023.799,0.3459185696715439,4.9
11/1/16,2198.810059,242.026,0.1178947716771183,0.41,93.8,15.236190476190476,3.4174521829295035,19089.379,0.3447260980837807,4.7
12/1/16,2238.830078,242.637,0.2524522158776188,0.54,98.2,12.472380952380952,1.820076244186586,19152.94733333333,0.3330036735785358,4.7
1/1/17,2278.870117,243.618,0.4043076694815628,0.65,98.5,11.6085,1.7884358198382522,19216.51566666667,0.3318984395822344,4.7
2/1/17,2363.639892578125,244.006,0.1592657357009752,0.66,96.3,11.530526315789473,3.719816006681631,19280.084,0.3308005178253914,4.6
3/1/17,2362.719970703125,243.892,-0.046720163,0.79,96.9,11.89782608695652,-0.038919714,19332.937,0.2741326230736529,4.4
4/1/17,2384.199951171875,244.193,0.1234152821740774,0.9,97,13.136315789473684,0.9091208748854608,19385.79,0.273383191,4.4
5/1/17,2411.800048828125,244.004,-0.077397796,0.91,97.1,10.862272727272728,1.1576251246328662,19438.643,0.2726378445242483,4.4
6/1/17,2423.409912109375,244.163,0.065162866,1.04,95,10.513636363636364,0.4813775207812565,19523.29366666667,0.4354762143976121,4.3
7/1/17,2470.300048828125,244.243,0.032764997,1.15,93.4,10.2645,1.934882600110188,19607.94433333333,0.433588042,4.3
8/1/17,2471.649902,245.183,0.3848626163288182,1.16,96.8,11.975652173913044,0.054643302,19692.595,0.4317161719128659,4.4
9/1/17,2519.360107421875,246.435,0.5106389920997767,1.15,95.1,10.438,1.9302978562167672,19807.426,0.5831176642793867,4.3
10/1/17,2575.260009765625,246.626,0.077505225,1.15,100.7,10.125454545454543,2.218813506615125,19922.257,0.5797371147568731,4.2
11/1/17,2647.580078,247.284,0.2668007428251684,1.16,98.5,10.54047619047619,2.8082627806563343,20037.088,0.5763955359074036,4.2
12/1/17,2673.610107421875,247.805,0.2106889244755105,1.3,95.9,10.2645,0.9831630594270502,20134.243,0.4848758462307367,4.1
1/1/18,2823.810059,248.859,0.4253344363511546,1.41,95.7,11.062380952380952,5.617870412552817,20231.398,0.4825361450142562,4
2/1/18,2713.830078,249.529,0.2692287600609022,1.42,99.7,22.464736842105264,-3.894737188,20328.553,0.480218915,4.1
3/1/18,2640.870117,249.577,0.019236241,1.51,101.4,19.02380952380953,-2.68844986,20412.67266666667,0.4138005625224261,4
4/1/18,2648.050048828125,250.227,0.2604406656061986,1.69,98.8,18.267619047619046,0.2718774995368322,20496.79233333333,0.4120953098122548,4